"avg","avg-2","avg-3","sum"
"31.0000000000000000","2551.8633333333333333","2365.9433333333333333","14195.66"
